"Data","Último","Abertura","Máxima","Mínima","Vol.","Var%"
"29.12.2023","5,713","5,765","5,765","5,675","82,92K","-0,64%"
"28.12.2023","5,750","5,645","5,750","5,645","123,71K","1,86%"
"27.12.2023","5,645","5,645","5,805","5,625","329,10K","-0,09%"
"26.12.2023","5,650","5,580","5,670","5,580","295,54K","1,80%"
"22.12.2023","5,550","5,540","5,580","5,535","556,90K","1,19%"
"21.12.2023","5,485","5,565","5,565","5,485","1,09M","0,64%"
"20.12.2023","5,450","5,585","5,585","5,450","185,40K","-2,33%"
"19.12.2023","5,580","5,560","5,610","5,560","223,43K","0,79%"
"18.12.2023","5,536","5,510","5,545","5,460","334,61K","2,05%"
"15.12.2023","5,425","5,395","5,500","5,380","182,00K","0,93%"
"14.12.2023","5,375","5,515","5,515","5,375","229,01K","0,09%"
"13.12.2023","5,370","5,165","5,370","5,085","269,34K","2,38%"
"12.12.2023","5,245","5,595","5,595","5,245","245,25K","-4,46%"
"11.12.2023","5,490","5,470","5,520","5,450","219,14K","0,18%"
"08.12.2023","5,480","5,485","5,540","5,465","162,18K","-0,09%"
"07.12.2023","5,485","5,423","5,485","5,410","115,47K","1,63%"
"06.12.2023","5,397","5,465","5,465","5,385","64,98K","-0,52%"
"05.12.2023","5,425","5,485","5,515","5,425","71,02K","0,74%"
"04.12.2023","5,385","5,540","5,555","5,385","121,98K","-3,06%"
"01.12.2023","5,555","5,448","5,555","5,440","459,01K","1,59%"
"30.11.2023","5,468","5,255","5,500","5,255","640,99K","2,21%"
"29.11.2023","5,350","5,315","5,400","5,315","261,83K","0,19%"
"28.11.2023","5,340","5,300","5,395","5,300","305,06K","1,23%"
"27.11.2023","5,275","5,250","5,275","5,180","243,58K","1,93%"
"24.11.2023","5,175","5,085","5,245","5,085","72,88K","-0,29%"
"22.11.2023","5,190","5,250","5,252","5,170","139,15K","-0,67%"
"21.11.2023","5,225","5,180","5,225","5,150","365,85K","1,26%"
"20.11.2023","5,160","5,100","5,175","5,100","170,46K","3,20%"
"17.11.2023","5,000","5,185","5,185","5,000","1,66M","-4,58%"
"16.11.2023","5,240","5,140","5,250","5,120","268,92K","1,06%"
"15.11.2023","5,185","5,065","5,220","5,065","50,51K","0,68%"
"14.11.2023","5,150","5,145","5,175","5,100","205,40K","-0,29%"
"13.11.2023","5,165","5,035","5,165","5,025","195,65K","1,77%"
"10.11.2023","5,075","5,045","5,100","5,045","128,79K","1,60%"
"09.11.2023","4,995","5,085","5,110","4,970","232,49K","-4,40%"
"08.11.2023","5,225","5,205","5,250","5,200","156,72K","0,58%"
"07.11.2023","5,195","5,225","5,232","5,135","252,92K","1,27%"
"06.11.2023","5,130","5,160","5,181","5,090","286,78K","0,29%"
"03.11.2023","5,115","4,985","5,141","4,985","289,84K","2,61%"
"02.11.2023","4,985","4,950","5,100","4,910","206,88K","1,53%"
"01.11.2023","4,910","4,817","4,910","4,790","37,11K","3,04%"
"31.10.2023","4,765","4,745","4,830","4,745","187,91K","-0,25%"
"30.10.2023","4,777","4,905","4,905","4,740","139,42K","-2,11%"
"27.10.2023","4,880","5,027","5,027","4,835","226,86K","-2,40%"
"26.10.2023","5,000","4,875","5,015","4,875","351,51K","2,77%"
"25.10.2023","4,865","4,920","4,920","4,855","395,20K","-1,72%"
"24.10.2023","4,950","4,885","4,957","4,850","180,87K","1,33%"
"23.10.2023","4,885","4,850","4,950","4,830","288,86K","0,72%"
"20.10.2023","4,850","4,920","4,930","4,850","207,93K","-1,72%"
"19.10.2023","4,935","4,865","4,965","4,845","346,50K","0,61%"
"18.10.2023","4,905","4,860","4,940","4,820","1,89M","0,20%"
"17.10.2023","4,895","4,875","4,985","4,855","319,90K","-1,31%"
"16.10.2023","4,960","4,840","4,960","4,840","491,37K","8,77%"
"13.10.2023","4,560","4,812","4,853","4,560","188,20K","-3,80%"
"12.10.2023","4,740","4,820","4,850","4,675","118,06K","-1,66%"
"11.10.2023","4,820","4,800","4,845","4,775","105,95K","0,63%"
"10.10.2023","4,790","4,750","4,808","4,730","263,18K","2,02%"
"09.10.2023","4,695","4,676","4,720","4,640","182,27K","-1,16%"
"06.10.2023","4,750","4,545","4,750","4,510","238,66K","6,03%"
"05.10.2023","4,480","4,590","4,600","4,480","135,80K","-0,55%"
"04.10.2023","4,505","4,505","4,565","4,440","114,39K","0,56%"
"03.10.2023","4,480","4,580","4,595","4,470","495,93K","-3,24%"
"02.10.2023","4,630","4,655","4,655","4,598","234,18K","-0,64%"
"29.09.2023","4,660","4,705","4,725","4,660","83,78K","1,30%"
"28.09.2023","4,600","4,565","4,742","4,565","450,42K","1,39%"
"27.09.2023","4,537","4,575","4,585","4,465","1,66M","-0,07%"
"26.09.2023","4,540","4,595","4,615","4,540","1,56M","-1,63%"
"25.09.2023","4,615","4,690","4,690","4,605","4,12M","-1,81%"
"22.09.2023","4,700","4,755","4,790","4,695","1,67M","0,21%"
"21.09.2023","4,690","4,780","4,795","4,690","262,75K","-3,60%"
"20.09.2023","4,865","4,880","4,950","4,865","416,90K","-0,82%"
"19.09.2023","4,905","4,835","4,935","4,795","320,07K","1,13%"
"18.09.2023","4,850","4,860","4,935","4,850","608,05K","0,52%"
"15.09.2023","4,825","4,850","4,870","4,805","164,48K","-0,82%"
"14.09.2023","4,865","4,815","4,910","4,809","176,24K","2,21%"
"13.09.2023","4,760","4,725","4,930","4,725","185,17K","-0,83%"
"12.09.2023","4,800","4,915","4,915","4,720","77,89K","1,16%"
"11.09.2023","4,745","4,645","4,820","4,645","122,29K","1,17%"
"08.09.2023","4,690","4,605","4,750","4,605","78,30K","2,18%"
"07.09.2023","4,590","4,775","4,775","4,585","94,68K","-2,75%"
"06.09.2023","4,720","4,705","4,850","4,700","88,11K","-0,63%"
"05.09.2023","4,750","4,775","4,850","4,725","1,21M","-0,42%"
"01.09.2023","4,770","4,850","4,980","4,760","474,18K","-0,10%"
"31.08.2023","4,775","4,897","4,975","4,775","132,84K","-3,44%"
"30.08.2023","4,945","5,023","5,023","4,940","176,69K","-1,69%"
"29.08.2023","5,030","5,008","5,085","5,003","898,78K","0,90%"
"28.08.2023","4,985","4,870","5,095","4,870","303,19K","2,26%"
"25.08.2023","4,875","4,895","4,905","4,820","603,72K","-2,60%"
"24.08.2023","5,005","5,125","5,125","4,965","254,29K","-0,30%"
"23.08.2023","5,020","5,048","5,125","5,015","187,40K","0,10%"
"22.08.2023","5,015","5,065","5,065","4,924","148,91K","1,01%"
"21.08.2023","4,965","4,800","4,965","4,780","786,49K","2,80%"
"18.08.2023","4,830","4,795","4,845","4,612","608,70K","4,89%"
"17.08.2023","4,605","4,777","4,805","4,605","119,84K","-2,85%"
"16.08.2023","4,740","4,794","4,815","4,725","187,40K","1,28%"
"15.08.2023","4,680","4,730","4,760","4,675","181,19K","-1,16%"
"14.08.2023","4,735","4,820","4,840","4,735","383,64K","-2,77%"
"11.08.2023","4,870","4,865","4,895","4,838","153,44K","0,72%"
"10.08.2023","4,835","4,865","4,900","4,825","53,98K","1,02%"
"09.08.2023","4,786","4,795","4,805","4,769","453,60K","-1,32%"
"08.08.2023","4,850","4,770","4,850","4,745","240,16K","-0,31%"
"07.08.2023","4,865","5,000","5,000","4,830","118,12K","-0,31%"
"04.08.2023","4,880","4,912","4,995","4,875","71,10K","-0,10%"
"03.08.2023","4,885","4,905","4,930","4,870","921,18K","-1,91%"
"02.08.2023","4,980","4,990","5,075","4,925","102,47K","-0,46%"
"01.08.2023","5,003","4,985","5,175","4,940","232,50K","-2,57%"
"31.07.2023","5,135","5,050","5,135","5,045","229,03K","2,19%"
"28.07.2023","5,025","4,995","5,025","4,990","141,65K","-1,28%"
"27.07.2023","5,090","5,190","5,190","4,945","1,61M","-0,20%"
"26.07.2023","5,100","5,000","5,160","5,000","654,51K","0,00%"
"25.07.2023","5,100","5,077","5,150","4,985","576,76K","0,20%"
"24.07.2023","5,090","5,060","5,150","4,975","350,25K","1,39%"
"21.07.2023","5,020","5,035","5,095","5,020","236,71K","1,93%"
"20.07.2023","4,925","5,022","5,022","4,925","117,20K","-1,01%"
"19.07.2023","4,975","4,975","5,000","4,925","137,24K","-0,40%"
"18.07.2023","4,995","4,945","5,015","4,945","183,02K","-0,10%"
"17.07.2023","5,000","5,050","5,050","4,885","328,30K","-0,50%"
"14.07.2023","5,025","5,145","5,145","4,935","919,37K","0,80%"
"13.07.2023","4,985","5,040","5,150","4,945","246,51K","1,63%"
"12.07.2023","4,905","5,005","5,080","4,895","536,30K","-2,39%"
"11.07.2023","5,025","5,025","5,025","4,850","152,73K","0,50%"
"10.07.2023","5,000","4,940","5,230","4,940","411,42K","-2,25%"
"07.07.2023","5,115","4,870","5,155","4,870","348,46K","2,92%"
"06.07.2023","4,970","5,040","5,055","4,880","303,50K","-3,21%"
"05.07.2023","5,135","5,275","5,275","5,050","298,58K","-1,63%"
"03.07.2023","5,220","5,145","5,345","5,145","117,96K","1,46%"
"30.06.2023","5,145","5,155","5,225","5,065","3,20M","-1,53%"
"29.06.2023","5,225","5,128","5,225","5,045","170,38K","2,35%"
"28.06.2023","5,105","5,250","5,250","5,060","124,95K","-1,45%"
"27.06.2023","5,180","5,215","5,375","5,170","102,37K","-3,45%"
"26.06.2023","5,365","5,245","5,385","5,240","485,82K","1,04%"
"23.06.2023","5,310","5,060","5,345","5,060","351,97K","-0,47%"
"22.06.2023","5,335","5,444","5,444","5,270","225,26K","-1,20%"
"21.06.2023","5,400","5,225","5,435","5,190","335,36K","3,35%"
"20.06.2023","5,225","5,150","5,225","5,150","186,31K","2,55%"
"16.06.2023","5,095","5,100","5,425","5,050","1,41M","-1,07%"
"15.06.2023","5,150","5,075","5,375","5,070","1,36M","3,00%"
"14.06.2023","5,000","5,300","5,300","4,855","1,93M","1,42%"
"13.06.2023","4,930","5,175","5,175","4,930","410,90K","-2,18%"
"12.06.2023","5,040","5,000","5,050","4,865","558,39K","5,00%"
"09.06.2023","4,800","4,616","4,855","4,490","597,88K","4,39%"
"08.06.2023","4,598","4,425","4,650","4,425","181,81K","1,05%"
"07.06.2023","4,550","4,600","4,740","4,495","1,68M","-1,52%"
"06.06.2023","4,620","4,425","4,635","4,425","132,71K","1,43%"
"05.06.2023","4,555","4,625","4,625","4,467","140,95K","1,40%"
"02.06.2023","4,492","4,300","4,505","4,300","495,67K","1,29%"
"01.06.2023","4,435","4,280","4,455","4,280","214,10K","2,42%"
"31.05.2023","4,330","4,350","4,415","4,275","263,45K","-2,15%"
"30.05.2023","4,425","4,410","4,440","4,325","143,82K","-0,67%"
"26.05.2023","4,455","4,460","4,485","4,360","133,02K","1,25%"
"25.05.2023","4,400","4,510","4,510","4,400","144,22K","-1,90%"
"24.05.2023","4,485","4,500","4,510","4,350","258,61K","0,38%"
"23.05.2023","4,468","4,380","4,495","4,380","153,92K","2,59%"
"22.05.2023","4,355","4,435","4,460","4,355","349,70K","-1,43%"
"19.05.2023","4,418","4,327","4,418","4,327","141,13K","1,45%"
"18.05.2023","4,355","4,385","4,420","4,320","137,31K","-0,68%"
"17.05.2023","4,385","4,415","4,415","4,375","162,10K","0,00%"
"16.05.2023","4,385","4,525","4,525","4,360","184,84K","-3,52%"
"15.05.2023","4,545","4,510","4,545","4,495","139,86K","0,78%"
"12.05.2023","4,510","4,575","4,575","4,345","1,02M","-0,44%"
"11.05.2023","4,530","4,370","4,537","4,370","416,42K","2,95%"
"10.05.2023","4,400","4,305","4,410","4,305","142,60K","2,21%"
"09.05.2023","4,305","4,255","4,370","4,255","247,01K","-0,69%"
"08.05.2023","4,335","4,375","4,415","4,310","356,08K","-1,75%"
"05.05.2023","4,412","4,275","4,415","4,275","862,70K","3,81%"
"04.05.2023","4,250","4,200","4,274","4,165","2,97M","0,95%"
"03.05.2023","4,210","4,220","4,220","4,135","84,28K","0,72%"
"02.05.2023","4,180","4,245","4,263","4,160","468,64K","-1,88%"
"01.05.2023","4,260","4,385","4,395","4,185","295,83K","-2,18%"
"28.04.2023","4,355","4,295","4,355","4,260","272,87K","1,40%"
"27.04.2023","4,295","4,270","4,320","4,270","272,89K","0,12%"
"26.04.2023","4,290","4,250","4,290","4,210","391,11K","0,85%"
"25.04.2023","4,254","4,305","4,305","4,230","188,34K","-1,76%"
"24.04.2023","4,330","4,315","4,370","4,270","203,54K","0,70%"
"21.04.2023","4,300","4,450","4,450","4,245","66,35K","1,30%"
"20.04.2023","4,245","4,290","4,335","4,230","155,05K","0,35%"
"19.04.2023","4,230","4,410","4,410","4,230","308,99K","-3,97%"
"18.04.2023","4,405","4,360","4,420","4,315","187,07K","-0,45%"
"17.04.2023","4,425","4,440","4,455","4,370","1,14M","1,26%"
"14.04.2023","4,370","4,240","4,434","4,235","916,51K","0,46%"
"13.04.2023","4,350","4,340","4,440","4,324","1,03M","0,12%"
"12.04.2023","4,345","4,120","4,400","4,120","963,01K","7,28%"
"11.04.2023","4,050","4,029","4,050","3,953","3,25M","4,87%"
"10.04.2023","3,862","3,925","3,925","3,860","120,36K","0,44%"
"06.04.2023","3,845","3,865","3,925","3,845","95,18K","-0,65%"
"05.04.2023","3,870","3,980","4,010","3,865","138,02K","-0,51%"
"04.04.2023","3,890","3,945","3,945","3,845","158,05K","1,65%"
"03.04.2023","3,827","3,950","3,950","3,790","124,85K","-1,34%"
"31.03.2023","3,879","3,908","3,935","3,815","322,94K","3,44%"
"30.03.2023","3,750","3,875","3,875","3,750","283,32K","-0,08%"
"29.03.2023","3,753","3,800","3,800","3,680","127,21K","2,12%"
"28.03.2023","3,675","3,700","3,722","3,665","140,96K","0,96%"
"27.03.2023","3,640","3,600","3,675","3,600","166,13K","1,22%"
"24.03.2023","3,596","3,490","3,635","3,490","112,18K","0,81%"
"23.03.2023","3,567","3,663","3,663","3,510","477,38K","-1,19%"
"22.03.2023","3,610","3,710","3,710","3,570","151,11K","0,56%"
"21.03.2023","3,590","3,600","3,620","3,535","752,94K","0,34%"
"20.03.2023","3,578","3,545","3,695","3,530","174,58K","0,22%"
"17.03.2023","3,570","3,535","3,735","3,535","303,44K","-1,38%"
"16.03.2023","3,620","3,623","3,660","3,525","443,27K","1,54%"
"15.03.2023","3,565","3,750","3,750","3,485","432,90K","0,00%"
"14.03.2023","3,565","3,850","3,850","3,565","339,91K","-1,52%"
"13.03.2023","3,620","3,680","3,710","3,565","280,71K","-1,58%"
"10.03.2023","3,678","3,825","3,825","3,660","469,91K","-6,10%"
"09.03.2023","3,917","4,000","4,000","3,815","285,73K","-0,20%"
"08.03.2023","3,925","3,955","3,975","3,870","1,52M","-0,76%"
"07.03.2023","3,955","3,790","3,955","3,745","1,26M","4,49%"
"06.03.2023","3,785","3,690","3,800","3,685","574,46K","2,99%"
"03.03.2023","3,675","3,775","3,775","3,625","686,45K","-3,92%"
"02.03.2023","3,825","3,610","3,825","3,610","315,67K","-0,39%"
"01.03.2023","3,840","3,850","4,000","3,710","751,92K","-2,66%"
"28.02.2023","3,945","4,015","4,015","3,835","465,40K","2,33%"
"27.02.2023","3,855","3,965","3,965","3,795","401,36K","-1,53%"
"24.02.2023","3,915","3,980","3,980","3,887","232,35K","-5,32%"
"23.02.2023","4,135","4,110","4,135","4,065","208,71K","1,47%"
"22.02.2023","4,075","4,175","4,175","4,040","388,69K","-0,37%"
"21.02.2023","4,090","4,170","4,175","4,055","196,97K","-2,04%"
"17.02.2023","4,175","4,080","4,215","4,070","2,89M","2,33%"
"16.02.2023","4,080","4,000","4,085","3,943","3,21M","0,74%"
"15.02.2023","4,050","4,055","4,070","3,994","2,66M","0,25%"
"14.02.2023","4,040","4,105","4,150","4,000","455,85K","2,28%"
"13.02.2023","3,950","3,910","4,010","3,910","315,92K","1,28%"
"10.02.2023","3,900","3,780","3,925","3,775","210,35K","2,63%"
"09.02.2023","3,800","3,795","3,825","3,738","1,10M","-1,09%"
"08.02.2023","3,842","3,845","3,865","3,765","200,88K","1,64%"
"07.02.2023","3,780","3,845","3,845","3,720","229,87K","-1,82%"
"06.02.2023","3,850","3,890","3,890","3,760","341,68K","0,79%"
"03.02.2023","3,820","3,955","3,955","3,820","459,08K","-3,54%"
"02.02.2023","3,960","4,100","4,105","3,900","343,16K","-3,41%"
"01.02.2023","4,100","4,055","4,100","3,930","2,74M","0,12%"
"31.01.2023","4,095","4,045","4,095","4,020","2,90M","1,11%"
"30.01.2023","4,050","3,980","4,050","3,955","2,86M","3,05%"
"27.01.2023","3,930","3,980","4,015","3,922","2,23M","-2,60%"
"26.01.2023","4,035","4,065","4,070","4,015","2,78M","-0,12%"
"25.01.2023","4,040","3,905","4,055","3,860","1,52M","3,99%"
"24.01.2023","3,885","3,880","3,895","3,830","936,58K","1,70%"
"23.01.2023","3,820","3,960","3,995","3,760","3,10M","-2,05%"
"20.01.2023","3,900","3,800","3,900","3,800","5,12M","2,90%"
"19.01.2023","3,790","3,645","3,795","3,595","4,20M","2,02%"
"18.01.2023","3,715","3,775","3,807","3,690","1,16M","1,23%"
"17.01.2023","3,670","3,550","3,680","3,535","1,92M","6,07%"
"13.01.2023","3,460","3,425","3,490","3,425","7,48M","0,29%"
"12.01.2023","3,450","3,422","3,500","3,400","597,61K","0,44%"
"11.01.2023","3,435","3,400","3,445","3,365","348,10K","2,23%"
"10.01.2023","3,360","3,315","3,380","3,235","497,47K","3,86%"
"09.01.2023","3,235","3,345","3,345","3,235","5,92M","-3,43%"
"06.01.2023","3,350","3,350","3,375","3,295","208,63K","2,13%"
"05.01.2023","3,280","3,100","3,280","3,100","332,91K","5,64%"
"04.01.2023","3,105","3,100","3,105","3,000","586,32K","3,50%"
"03.01.2023","3,000","3,030","3,130","2,995","1,08M","-8,81%"
"30.12.2022","3,290","3,365","3,375","3,255","604,12K","-2,37%"
"29.12.2022","3,370","3,365","3,380","3,300","435,31K","0,60%"
"28.12.2022","3,350","3,259","3,365","3,240","137,30K","2,92%"
"27.12.2022","3,255","3,295","3,325","3,250","212,28K","-3,84%"
"23.12.2022","3,385","3,375","3,500","3,375","315,13K","0,30%"
"22.12.2022","3,375","3,300","3,375","3,300","346,46K","2,43%"
"21.12.2022","3,295","3,300","3,345","3,275","483,22K","0,30%"
"20.12.2022","3,285","3,290","3,310","3,220","923,19K","4,78%"
"19.12.2022","3,135","3,100","3,185","3,095","946,35K","0,16%"
"16.12.2022","3,130","3,035","3,140","3,035","474,13K","3,30%"
"15.12.2022","3,030","2,985","3,085","2,985","1,14M","2,19%"
"14.12.2022","2,965","2,980","2,990","2,865","2,57M","-2,24%"
"13.12.2022","3,033","3,165","3,190","3,025","1,05M","-4,47%"
"12.12.2022","3,175","3,220","3,220","3,090","430,55K","-4,08%"
"09.12.2022","3,310","3,325","3,345","3,305","192,43K","-1,34%"
"08.12.2022","3,355","3,405","3,425","3,325","205,98K","-1,03%"
"07.12.2022","3,390","3,390","3,425","3,375","575,64K","1,19%"
"06.12.2022","3,350","3,343","3,385","3,325","153,78K","0,87%"
"05.12.2022","3,321","3,335","3,380","3,305","310,07K","-3,74%"
"02.12.2022","3,450","3,455","3,525","3,410","434,47K","2,07%"
"01.12.2022","3,380","3,375","3,420","3,325","231,26K","0,09%"
"30.11.2022","3,377","3,330","3,415","3,297","241,85K","1,26%"
"29.11.2022","3,335","3,275","3,380","3,275","331,50K","2,77%"
"28.11.2022","3,245","3,210","3,245","3,165","729,93K","2,37%"
"25.11.2022","3,170","3,215","3,255","3,140","315,14K","-2,16%"
"23.11.2022","3,240","3,165","3,240","3,140","906,97K","0,47%"
"22.11.2022","3,225","3,230","3,295","3,190","1,97M","-2,12%"
"21.11.2022","3,295","3,230","3,295","3,155","918,75K","5,10%"
"18.11.2022","3,135","3,250","3,275","3,130","1,81M","-3,39%"
"17.11.2022","3,245","3,200","3,250","3,085","518,87K","-0,76%"
"16.11.2022","3,270","3,360","3,410","3,270","476,71K","-4,94%"
"15.11.2022","3,440","3,570","3,570","3,415","235,92K","0,73%"
"14.11.2022","3,415","3,370","3,473","3,355","343,47K","1,94%"
"11.11.2022","3,350","3,370","3,440","3,309","667,75K","-0,74%"
"10.11.2022","3,375","3,400","3,460","3,310","1,77M","-5,99%"
"09.11.2022","3,590","3,680","3,730","3,545","4,66M","-2,53%"
"08.11.2022","3,683","3,650","3,710","3,625","254,60K","1,18%"
"07.11.2022","3,640","3,825","3,850","3,640","328,37K","-6,55%"
"04.11.2022","3,895","3,860","3,940","3,820","938,56K","3,73%"
"03.11.2022","3,755","3,650","3,775","3,620","498,45K","4,31%"
"02.11.2022","3,600","3,695","3,695","3,540","443,47K","-2,70%"
"01.11.2022","3,700","3,560","3,777","3,540","508,38K","3,64%"
"31.10.2022","3,570","3,590","3,684","3,430","1,06M","-2,86%"
"28.10.2022","3,675","3,585","3,700","3,580","492,31K","-0,81%"
"27.10.2022","3,705","3,610","3,750","3,605","310,48K","2,92%"
"26.10.2022","3,600","3,605","3,660","3,550","1,47M","-3,82%"
"25.10.2022","3,743","3,710","3,815","3,680","601,63K","-4,03%"
"24.10.2022","3,900","4,050","4,075","3,800","941,93K","-11,06%"
"21.10.2022","4,385","4,145","4,385","4,120","807,77K","5,28%"
"20.10.2022","4,165","4,060","4,165","4,045","524,91K","5,71%"
"19.10.2022","3,940","3,895","3,945","3,860","521,73K","0,77%"
"18.10.2022","3,910","3,781","3,920","3,755","237,95K","5,39%"
"17.10.2022","3,710","3,690","3,770","3,655","786,68K","1,09%"
"14.10.2022","3,670","3,745","3,780","3,625","133,38K","-2,13%"
"13.10.2022","3,750","3,630","3,800","3,625","448,27K","1,49%"
"12.10.2022","3,695","3,660","3,695","3,658","104,23K","0,14%"
"11.10.2022","3,690","3,820","3,850","3,690","1,76M","-4,90%"
"10.10.2022","3,880","3,938","3,990","3,835","244,46K","-1,02%"
"07.10.2022","3,920","3,855","3,924","3,845","259,63K","0,64%"
"06.10.2022","3,895","3,955","3,955","3,815","585,42K","-1,27%"
"05.10.2022","3,945","3,735","3,945","3,720","304,24K","4,37%"
"04.10.2022","3,780","4,055","4,055","3,740","553,93K","-5,03%"
"03.10.2022","3,980","3,860","4,035","3,855","861,21K","10,40%"
"30.09.2022","3,605","3,550","3,660","3,525","213,85K","0,42%"
"29.09.2022","3,590","3,535","3,590","3,495","891,23K","-2,18%"
"28.09.2022","3,670","3,635","3,670","3,585","313,54K","1,52%"
"27.09.2022","3,615","3,620","3,665","3,590","393,80K","0,70%"
"26.09.2022","3,590","3,725","3,765","3,585","195,54K","-7,24%"
"23.09.2022","3,870","3,895","3,910","3,835","281,11K","-4,09%"
"22.09.2022","4,035","3,930","4,043","3,880","218,74K","2,28%"
"21.09.2022","3,945","3,955","3,970","3,880","176,67K","-1,13%"
"20.09.2022","3,990","3,905","3,990","3,885","474,10K","2,70%"
"19.09.2022","3,885","3,675","3,910","3,675","134,91K","3,46%"
"16.09.2022","3,755","3,685","3,755","3,670","126,52K","-1,83%"
"15.09.2022","3,825","3,830","3,895","3,790","179,12K","-1,24%"
"14.09.2022","3,873","3,862","3,915","3,862","140,30K","0,73%"
"13.09.2022","3,845","3,865","3,925","3,828","162,55K","-4,35%"
"12.09.2022","4,020","4,030","4,050","4,003","123,04K","2,68%"
"09.09.2022","3,915","3,875","3,940","3,855","307,60K","4,68%"
"08.09.2022","3,740","3,805","3,815","3,705","387,22K","0,40%"
"07.09.2022","3,725","3,775","3,805","3,675","174,90K","-1,06%"
"06.09.2022","3,765","3,815","3,815","3,730","1,06M","-7,15%"
"02.09.2022","4,055","4,075","4,135","4,055","1,40M","0,65%"
"01.09.2022","4,029","4,040","4,055","3,957","254,06K","1,79%"
"31.08.2022","3,958","4,055","4,120","3,950","383,41K","-3,82%"
"30.08.2022","4,115","4,190","4,190","4,085","315,77K","-2,12%"
"29.08.2022","4,204","4,105","4,240","4,080","435,38K","3,55%"
"26.08.2022","4,060","4,040","4,100","4,005","453,19K","0,25%"
"25.08.2022","4,050","4,000","4,070","3,965","3,63M","0,87%"
"24.08.2022","4,015","4,075","4,075","3,960","633,70K","-1,16%"
"23.08.2022","4,062","4,030","4,120","4,025","213,43K","1,04%"
"22.08.2022","4,020","3,895","4,025","3,865","1,36M","1,64%"
"19.08.2022","3,955","3,990","4,005","3,895","1,57M","-1,74%"
"18.08.2022","4,025","4,115","4,150","4,017","1,09M","-1,47%"
"17.08.2022","4,085","4,125","4,165","4,065","503,21K","-1,80%"
"16.08.2022","4,160","4,180","4,205","4,120","447,70K","-1,26%"
"15.08.2022","4,213","4,245","4,255","4,172","375,17K","-2,81%"
"12.08.2022","4,335","4,120","4,345","4,117","434,80K","5,86%"
"11.08.2022","4,095","4,085","4,115","4,000","695,36K","4,33%"
"10.08.2022","3,925","3,910","3,985","3,900","862,26K","1,29%"
"09.08.2022","3,875","3,850","3,900","3,815","613,00K","1,71%"
"08.08.2022","3,810","3,775","3,840","3,760","500,81K","3,11%"
"05.08.2022","3,695","3,527","3,695","3,527","397,43K","3,07%"
"04.08.2022","3,585","3,535","3,585","3,508","828,17K","2,72%"
"03.08.2022","3,490","3,435","3,510","3,380","365,03K","0,87%"
"02.08.2022","3,460","3,425","3,460","3,390","689,76K","1,38%"
"01.08.2022","3,413","3,430","3,498","3,400","379,65K","-1,36%"
"29.07.2022","3,460","3,485","3,520","3,435","313,60K","-0,86%"
"28.07.2022","3,490","3,420","3,502","3,405","131,10K","2,80%"
"27.07.2022","3,395","3,335","3,395","3,304","135,23K","3,19%"
"26.07.2022","3,290","3,295","3,340","3,279","290,79K","0,67%"
"25.07.2022","3,268","3,204","3,285","3,202","199,07K","3,58%"
"22.07.2022","3,155","3,170","3,195","3,125","97,47K","0,80%"
"21.07.2022","3,130","3,095","3,192","3,095","426,79K","-1,26%"
"20.07.2022","3,170","3,215","3,225","3,145","292,50K","-1,55%"
"19.07.2022","3,220","3,175","3,220","3,135","282,32K","3,04%"
"18.07.2022","3,125","3,100","3,160","3,080","469,75K","2,63%"
"15.07.2022","3,045","2,985","3,100","2,985","151,10K","2,70%"
"14.07.2022","2,965","2,925","2,990","2,905","186,36K","-0,67%"
"13.07.2022","2,985","2,990","3,070","2,980","166,01K","-0,83%"
"12.07.2022","3,010","3,000","3,040","2,978","285,67K","-1,41%"
"11.07.2022","3,053","3,080","3,105","3,038","166,27K","-3,08%"
"08.07.2022","3,150","3,115","3,200","3,103","325,96K","2,44%"
"07.07.2022","3,075","3,085","3,105","3,055","192,70K","3,71%"
"06.07.2022","2,965","3,010","3,050","2,943","362,33K","-2,63%"
"05.07.2022","3,045","3,040","3,050","3,005","319,17K","-1,77%"
"01.07.2022","3,100","3,075","3,115","3,055","100,19K","-2,52%"
"30.06.2022","3,180","3,085","3,210","3,060","199,69K","0,32%"
"29.06.2022","3,170","3,160","3,178","3,127","343,24K","1,44%"
"28.06.2022","3,125","3,230","3,235","3,105","112,78K","-0,70%"
"27.06.2022","3,147","3,100","3,165","3,085","190,53K","2,84%"
"24.06.2022","3,060","3,080","3,115","3,035","477,20K","-1,61%"
"23.06.2022","3,110","3,110","3,130","3,065","423,00K","-2,05%"
"22.06.2022","3,175","3,135","3,215","3,105","183,33K","0,63%"
"21.06.2022","3,155","3,320","3,320","3,155","354,14K","-4,39%"
"17.06.2022","3,300","3,240","3,308","3,210","1,07M","0,30%"
"16.06.2022","3,290","3,345","3,345","3,255","174,12K","-2,52%"
"15.06.2022","3,375","3,285","3,405","3,280","285,97K","2,43%"
"14.06.2022","3,295","3,283","3,330","3,245","161,38K","0,30%"
"13.06.2022","3,285","3,340","3,355","3,240","692,79K","-4,51%"
"10.06.2022","3,440","3,455","3,478","3,413","411,73K","-3,51%"
"09.06.2022","3,565","3,550","3,625","3,550","238,24K","0,42%"
"08.06.2022","3,550","3,585","3,615","3,550","369,26K","-1,80%"
"07.06.2022","3,615","3,600","3,638","3,575","317,72K","-2,56%"
"06.06.2022","3,710","3,785","3,790","3,700","122,94K","-1,20%"
"03.06.2022","3,755","3,770","3,790","3,725","179,77K","-0,53%"
"02.06.2022","3,775","3,820","3,830","3,775","143,36K","-0,40%"
"01.06.2022","3,790","3,800","3,803","3,735","364,71K","-0,26%"
"31.05.2022","3,800","3,885","3,905","3,790","1,34M","-2,56%"
"27.05.2022","3,900","3,855","3,910","3,840","581,81K","-0,64%"
"26.05.2022","3,925","3,860","3,955","3,860","468,53K","1,34%"
"25.05.2022","3,873","3,850","3,890","3,760","701,04K","-1,07%"
"24.05.2022","3,915","3,940","3,940","3,840","536,36K","-0,63%"
"23.05.2022","3,940","3,905","3,985","3,900","971,92K","5,12%"
"20.05.2022","3,748","3,715","3,785","3,705","773,52K","4,26%"
"19.05.2022","3,595","3,615","3,635","3,587","154,81K","0,42%"
"18.05.2022","3,580","3,650","3,685","3,575","513,49K","-2,19%"
"17.05.2022","3,660","3,618","3,670","3,600","203,87K","4,87%"
"16.05.2022","3,490","3,450","3,520","3,450","454,67K","0,87%"
"13.05.2022","3,460","3,410","3,473","3,390","442,21K","1,62%"
"12.05.2022","3,405","3,350","3,410","3,316","524,88K","3,46%"
"11.05.2022","3,291","3,255","3,350","3,255","267,63K","2,68%"
"10.05.2022","3,205","3,270","3,270","3,205","1,01M","-1,99%"
"09.05.2022","3,270","3,240","3,319","3,215","530,96K","-1,95%"
"06.05.2022","3,335","3,300","3,400","3,246","459,39K","0,12%"
"05.05.2022","3,331","3,405","3,405","3,254","408,81K","-5,50%"
"04.05.2022","3,525","3,325","3,525","3,290","173,86K","4,75%"
"03.05.2022","3,365","3,315","3,388","3,290","396,34K","6,15%"
"02.05.2022","3,170","3,270","3,285","3,170","315,37K","-5,65%"
"29.04.2022","3,360","3,485","3,514","3,320","371,23K","-1,90%"
"28.04.2022","3,425","3,370","3,450","3,316","862,50K","0,44%"
"27.04.2022","3,410","3,385","3,445","3,360","228,69K","0,59%"
"26.04.2022","3,390","3,415","3,442","3,335","663,06K","-4,21%"
"25.04.2022","3,539","3,526","3,570","3,418","967,58K","-0,31%"
"22.04.2022","3,550","3,650","3,650","3,533","799,37K","-4,26%"
"21.04.2022","3,708","3,775","3,810","3,670","140,40K","-1,77%"
"20.04.2022","3,775","3,760","3,775","3,739","145,38K","0,67%"
"19.04.2022","3,750","3,835","3,875","3,732","992,97K","-3,47%"
"18.04.2022","3,885","3,785","3,885","3,785","647,14K","4,30%"
"14.04.2022","3,725","3,740","3,740","3,695","311,75K","-0,40%"
"13.04.2022","3,740","3,745","3,760","3,697","146,03K","0,13%"
"12.04.2022","3,735","3,770","3,783","3,710","731,71K","0,32%"
"11.04.2022","3,723","3,675","3,730","3,665","506,99K","1,03%"
"08.04.2022","3,685","3,587","3,690","3,542","181,26K","2,79%"
"07.04.2022","3,585","3,535","3,625","3,510","128,33K","1,70%"
"06.04.2022","3,525","3,540","3,565","3,500","794,15K","-0,84%"
"05.04.2022","3,555","3,625","3,650","3,555","412,37K","-3,84%"
"04.04.2022","3,697","3,705","3,712","3,660","230,04K","-0,22%"
"01.04.2022","3,705","3,745","3,745","3,660","8,29M","1,79%"
"31.03.2022","3,640","3,670","3,780","3,640","2,99M","-1,22%"
"30.03.2022","3,685","3,685","3,690","3,640","2,54M","0,55%"
"29.03.2022","3,665","3,720","3,730","3,660","2,79M","-0,41%"
"28.03.2022","3,680","3,670","3,680","3,605","2,72M","-1,60%"
"25.03.2022","3,740","3,665","3,764","3,663","3,74M","2,89%"
"24.03.2022","3,635","3,595","3,690","3,585","611,48K","1,37%"
"23.03.2022","3,586","3,530","3,600","3,520","408,49K","2,75%"
"22.03.2022","3,490","3,525","3,565","3,490","286,52K","0,93%"
"21.03.2022","3,458","3,380","3,465","3,380","473,63K","4,16%"
"18.03.2022","3,320","3,355","3,360","3,305","325,24K","-0,30%"
"17.03.2022","3,330","3,310","3,353","3,270","783,94K","0,91%"
"16.03.2022","3,300","3,223","3,300","3,195","321,95K","2,80%"
"15.03.2022","3,210","3,200","3,280","3,200","610,04K","-3,02%"
"14.03.2022","3,310","3,365","3,370","3,294","550,46K","1,29%"
"11.03.2022","3,268","3,397","3,397","3,255","109,71K","-2,54%"
"10.03.2022","3,353","3,295","3,375","3,285","229,08K","-2,10%"
"09.03.2022","3,425","3,425","3,435","3,390","179,02K","6,37%"
"08.03.2022","3,220","3,195","3,240","3,163","190,20K","2,22%"
"07.03.2022","3,150","3,290","3,290","3,150","540,86K","-4,69%"
"04.03.2022","3,305","3,370","3,370","3,290","236,92K","-4,48%"
"03.03.2022","3,460","3,490","3,500","3,425","393,94K","-1,00%"
"02.03.2022","3,495","3,330","3,495","3,310","661,49K","4,95%"
"01.03.2022","3,330","3,380","3,465","3,316","595,53K","-0,36%"
"28.02.2022","3,342","3,385","3,400","3,290","735,98K","-2,28%"
"25.02.2022","3,420","3,390","3,420","3,345","240,84K","1,18%"
"24.02.2022","3,380","3,355","3,400","3,280","1,32M","-4,92%"
"23.02.2022","3,555","3,570","3,585","3,520","790,95K","0,99%"
"22.02.2022","3,520","3,500","3,535","3,485","928,17K","1,15%"
"18.02.2022","3,480","3,460","3,500","3,455","797,55K","2,20%"
"17.02.2022","3,405","3,435","3,435","3,380","458,14K","-0,87%"
"16.02.2022","3,435","3,400","3,445","3,390","1,05M","1,96%"
"15.02.2022","3,369","3,385","3,400","3,350","2,48M","5,45%"
"14.02.2022","3,195","3,185","3,205","3,155","2,12M","1,11%"
"11.02.2022","3,160","3,180","3,210","3,135","1,73M","3,27%"
"10.02.2022","3,060","3,065","3,120","3,040","678,31K","0,99%"
"09.02.2022","3,030","3,040","3,050","3,005","165,02K","-0,66%"
"08.02.2022","3,050","3,035","3,050","3,005","137,88K","2,01%"
"07.02.2022","2,990","3,000","3,025","2,990","250,13K","-0,50%"
"04.02.2022","3,005","3,005","3,015","2,975","230,22K","-0,33%"
"03.02.2022","3,015","2,995","3,046","2,995","1,14M","0,00%"
"02.02.2022","3,015","3,011","3,031","2,975","1,71M","-1,79%"
"01.02.2022","3,070","3,065","3,100","3,035","1,68M","0,10%"
"31.01.2022","3,067","3,000","3,075","3,000","1,48M","2,23%"
"28.01.2022","3,000","2,990","3,005","2,960","1,76M","1,35%"
"27.01.2022","2,960","3,000","3,035","2,930","1,12M","2,07%"
"26.01.2022","2,900","2,930","2,970","2,900","410,47K","-2,19%"
"25.01.2022","2,965","2,875","2,990","2,855","588,05K","3,49%"
"24.01.2022","2,865","2,830","2,875","2,815","1,09M","0,35%"
"21.01.2022","2,855","2,870","2,895","2,825","1,53M","0,35%"
"20.01.2022","2,845","2,875","2,900","2,845","1,24M","-1,04%"
"19.01.2022","2,875","2,830","2,875","2,810","786,05K","3,98%"
"18.01.2022","2,765","2,775","2,805","2,740","719,08K","-0,18%"
"14.01.2022","2,770","2,735","2,785","2,732","273,81K","2,78%"
"13.01.2022","2,695","2,678","2,720","2,670","381,14K","0,75%"
"12.01.2022","2,675","2,638","2,675","2,615","190,30K","3,28%"
"11.01.2022","2,590","2,555","2,600","2,555","253,38K","1,17%"
"10.01.2022","2,560","2,565","2,570","2,520","625,59K","0,08%"
"07.01.2022","2,558","2,540","2,570","2,535","129,33K","0,91%"
"06.01.2022","2,535","2,480","2,550","2,480","163,28K","1,44%"
"05.01.2022","2,499","2,565","2,565","2,485","314,24K","-2,00%"
"04.01.2022","2,550","2,540","2,581","2,500","394,04K","-0,16%"
"03.01.2022","2,554","2,580","2,580","2,540","404,58K","-0,82%"
"31.12.2021","2,575","2,565","2,600","2,565","206,58K","-0,31%"
"30.12.2021","2,583","2,610","2,610","2,566","551,08K","0,90%"
"29.12.2021","2,560","2,564","2,575","2,535","1,10M","-0,19%"
"28.12.2021","2,565","2,590","2,590","2,550","1,04M","-0,23%"
"27.12.2021","2,571","2,590","2,590","2,562","866,44K","0,16%"
"23.12.2021","2,567","2,590","2,590","2,560","884,05K","-1,08%"
"22.12.2021","2,595","2,570","2,620","2,550","481,21K","0,78%"
"21.12.2021","2,575","2,590","2,635","2,575","874,85K","0,19%"
"20.12.2021","2,570","2,615","2,615","2,550","679,00K","-1,53%"
"17.12.2021","2,610","2,705","2,705","2,605","844,28K","-4,81%"
"16.12.2021","2,742","2,770","2,780","2,715","302,10K","-1,19%"
"15.12.2021","2,775","2,730","2,790","2,700","376,85K","-1,25%"
"14.12.2021","2,810","2,850","2,900","2,805","370,19K","-0,71%"
"13.12.2021","2,830","2,885","2,905","2,830","466,05K","-1,91%"
"10.12.2021","2,885","2,885","2,900","2,865","467,85K","0,42%"
"09.12.2021","2,873","2,910","2,910","2,850","545,56K","-1,78%"
"08.12.2021","2,925","2,915","2,940","2,910","513,39K","1,56%"
"07.12.2021","2,880","2,890","2,910","2,860","260,56K","-0,35%"
"06.12.2021","2,890","2,880","2,925","2,880","443,72K","2,85%"
"03.12.2021","2,810","2,865","2,885","2,790","390,15K","-1,58%"
"02.12.2021","2,855","2,820","2,855","2,795","373,90K","3,55%"
"01.12.2021","2,757","2,860","2,880","2,745","592,33K","-2,75%"
"30.11.2021","2,835","2,770","2,835","2,670","1,37M","2,72%"
"29.11.2021","2,760","2,790","2,805","2,750","502,24K","0,00%"
"26.11.2021","2,760","2,785","2,795","2,735","293,82K","2,22%"
"24.11.2021","2,700","2,675","2,720","2,645","174,74K","0,56%"
"23.11.2021","2,685","2,565","2,685","2,540","474,98K","3,07%"
"22.11.2021","2,605","2,620","2,665","2,600","431,89K","0,19%"
"19.11.2021","2,600","2,645","2,660","2,600","522,86K","-1,14%"
"18.11.2021","2,630","2,625","2,655","2,615","176,78K","-1,50%"
"17.11.2021","2,670","2,720","2,730","2,670","620,13K","-1,84%"
"16.11.2021","2,720","2,765","2,765","2,705","285,32K","-3,20%"
"15.11.2021","2,810","2,860","2,860","2,760","200,75K","0,72%"
"12.11.2021","2,790","2,805","2,805","2,740","231,15K","-1,59%"
"11.11.2021","2,835","2,810","2,835","2,780","426,15K","2,35%"
"10.11.2021","2,770","2,755","2,825","2,755","454,71K","3,36%"
"09.11.2021","2,680","2,730","2,750","2,680","271,55K","0,94%"
"08.11.2021","2,655","2,660","2,670","2,635","103,52K","0,00%"
"05.11.2021","2,655","2,610","2,675","2,610","173,25K","4,53%"
"04.11.2021","2,540","2,595","2,610","2,538","371,57K","-3,42%"
"03.11.2021","2,630","2,580","2,665","2,555","524,30K","2,73%"
"02.11.2021","2,560","2,570","2,593","2,545","380,85K","-1,16%"
"01.11.2021","2,590","2,550","2,625","2,550","231,28K","1,37%"
"29.10.2021","2,555","2,600","2,600","2,531","774,11K","-1,73%"
"28.10.2021","2,600","2,625","2,640","2,565","381,12K","-1,89%"
"27.10.2021","2,650","2,675","2,700","2,640","430,52K","0,00%"
"26.10.2021","2,650","2,620","2,665","2,595","313,32K","-1,30%"
"25.10.2021","2,685","2,635","2,715","2,630","386,71K","3,07%"
"22.10.2021","2,605","2,605","2,640","2,455","1,82M","-2,36%"
"21.10.2021","2,668","2,735","2,770","2,605","2,16M","-6,55%"
"20.10.2021","2,855","2,800","2,870","2,760","287,58K","3,44%"
"19.10.2021","2,760","2,882","2,882","2,750","446,32K","-5,48%"
"18.10.2021","2,920","2,870","2,945","2,835","639,46K","0,17%"
"15.10.2021","2,915","2,830","2,915","2,820","295,34K","4,48%"
"14.10.2021","2,790","2,835","2,835","2,790","141,85K","-0,71%"
"13.10.2021","2,810","2,790","2,825","2,750","165,42K","0,00%"
"12.10.2021","2,810","2,770","2,820","2,765","96,70K","0,18%"
"11.10.2021","2,805","2,810","2,840","2,780","138,70K","-1,06%"
"08.10.2021","2,835","2,820","2,850","2,800","299,37K","1,94%"
"07.10.2021","2,781","2,800","2,810","2,757","247,48K","-1,21%"
"06.10.2021","2,815","2,770","2,825","2,730","649,58K","0,90%"
"05.10.2021","2,790","2,715","2,831","2,711","507,18K","3,33%"
"04.10.2021","2,700","2,700","2,750","2,675","283,07K","-2,70%"
"01.10.2021","2,775","2,708","2,785","2,708","147,36K","3,54%"
"30.09.2021","2,680","2,720","2,720","2,670","240,23K","-2,01%"
"29.09.2021","2,735","2,720","2,750","2,690","157,22K","1,11%"
"28.09.2021","2,705","2,810","2,810","2,680","321,32K","-1,99%"
"27.09.2021","2,760","2,740","2,800","2,725","280,72K","0,91%"
"24.09.2021","2,735","2,725","2,752","2,715","456,98K","-1,97%"
"23.09.2021","2,790","2,800","2,815","2,760","538,37K","0,18%"
"22.09.2021","2,785","2,755","2,835","2,755","576,03K","2,20%"
"21.09.2021","2,725","2,670","2,750","2,655","535,51K","2,60%"
"20.09.2021","2,656","2,710","2,715","2,605","764,52K","-4,12%"
"17.09.2021","2,770","2,760","2,795","2,745","2,24M","-1,46%"
"16.09.2021","2,811","2,780","2,817","2,755","463,23K","0,68%"
"15.09.2021","2,792","2,772","2,800","2,760","526,33K","-0,46%"
"14.09.2021","2,805","2,855","2,865","2,792","355,04K","-1,82%"
"13.09.2021","2,857","2,860","2,895","2,840","320,94K","2,22%"
"10.09.2021","2,795","2,840","2,875","2,795","297,71K","0,54%"
"09.09.2021","2,780","2,705","2,825","2,685","679,20K","1,46%"
"08.09.2021","2,740","2,810","2,820","2,690","823,05K","-5,81%"
"07.09.2021","2,909","2,895","2,950","2,895","239,10K","3,30%"
"03.09.2021","2,816","2,825","2,835","2,780","286,18K","0,39%"
"02.09.2021","2,805","2,915","2,930","2,805","487,74K","-4,92%"
"01.09.2021","2,950","3,015","3,015","2,950","398,69K","0,00%"
"31.08.2021","2,950","3,020","3,040","2,935","136,60K","-0,34%"
"30.08.2021","2,960","2,955","2,965","2,925","451,04K","0,68%"
"27.08.2021","2,940","2,900","2,960","2,900","185,45K","1,94%"
"26.08.2021","2,884","2,900","2,925","2,875","159,10K","-2,24%"
"25.08.2021","2,950","2,895","2,950","2,890","229,91K","0,17%"
"24.08.2021","2,945","2,865","2,950","2,860","512,44K","4,06%"
"23.08.2021","2,830","2,810","2,830","2,775","733,75K","-1,05%"
"20.08.2021","2,860","2,730","2,860","2,720","218,83K","3,32%"
"19.08.2021","2,768","2,770","2,795","2,750","485,99K","-0,79%"
"18.08.2021","2,790","2,795","2,850","2,775","442,13K","-0,18%"
"17.08.2021","2,795","2,795","2,845","2,750","374,43K","-0,71%"
"16.08.2021","2,815","2,855","2,890","2,803","561,73K","-0,71%"
"13.08.2021","2,835","2,870","2,870","2,795","259,88K","-1,15%"
"12.08.2021","2,868","2,905","2,910","2,845","652,97K","-3,43%"
"11.08.2021","2,970","2,955","2,978","2,920","395,60K","-0,67%"
"10.08.2021","2,990","3,020","3,040","2,985","417,64K","-2,13%"
"09.08.2021","3,055","3,065","3,095","3,025","452,44K","-0,23%"
"06.08.2021","3,062","3,010","3,075","2,980","716,21K","2,51%"
"05.08.2021","2,987","3,120","3,170","2,987","571,94K","-2,39%"
"04.08.2021","3,060","3,055","3,075","2,990","271,49K","0,00%"
"03.08.2021","3,060","3,065","3,110","3,005","333,32K","-2,14%"
"02.08.2021","3,127","3,180","3,205","3,100","173,26K","2,26%"
"30.07.2021","3,058","3,185","3,208","3,035","397,81K","-4,53%"
"29.07.2021","3,203","3,214","3,225","3,190","111,63K","0,25%"
"28.07.2021","3,195","3,155","3,225","3,150","119,98K","1,91%"
"27.07.2021","3,135","3,115","3,170","3,100","276,10K","0,80%"
"26.07.2021","3,110","3,065","3,143","3,065","262,02K","0,81%"
"23.07.2021","3,085","3,120","3,120","3,058","267,01K","1,65%"
"22.07.2021","3,035","3,130","3,145","3,035","893,53K","-3,80%"
"21.07.2021","3,155","3,090","3,155","3,090","205,23K","1,68%"
"20.07.2021","3,103","3,005","3,115","2,990","539,73K","2,58%"
"19.07.2021","3,025","3,055","3,070","3,015","975,49K","-3,60%"
"16.07.2021","3,138","3,180","3,205","3,120","190,03K","-0,38%"
"15.07.2021","3,150","3,200","3,230","3,140","336,16K","-3,96%"
"14.07.2021","3,280","3,250","3,280","3,215","425,77K","4,46%"
"13.07.2021","3,140","3,145","3,175","3,115","352,80K","-0,63%"
"12.07.2021","3,160","3,095","3,175","3,080","351,90K","2,60%"
"09.07.2021","3,080","3,031","3,120","3,031","97,44K","0,65%"
"08.07.2021","3,060","3,015","3,060","2,955","979,55K","-0,49%"
"07.07.2021","3,075","3,030","3,080","3,000","524,82K","1,52%"
"06.07.2021","3,029","3,120","3,120","3,005","923,47K","-5,49%"
"02.07.2021","3,205","3,205","3,245","3,175","306,62K","0,79%"
"01.07.2021","3,180","3,245","3,250","3,170","281,72K","-2,15%"
"30.06.2021","3,250","3,260","3,290","3,230","407,71K","-1,75%"
"29.06.2021","3,308","3,300","3,340","3,280","252,41K","-0,96%"
"28.06.2021","3,340","3,350","3,360","3,285","282,38K","-0,60%"
"25.06.2021","3,360","3,467","3,473","3,340","434,48K","-3,45%"
"24.06.2021","3,480","3,465","3,500","3,445","410,68K","1,02%"
"23.06.2021","3,445","3,413","3,490","3,413","415,84K","-1,57%"
"22.06.2021","3,500","3,405","3,500","3,385","466,67K","1,01%"
"21.06.2021","3,465","3,470","3,485","3,445","812,94K","0,58%"
"18.06.2021","3,445","3,485","3,495","3,425","692,39K","-1,71%"
"17.06.2021","3,505","3,592","3,615","3,485","841,32K","-3,71%"
"16.06.2021","3,640","3,535","3,640","3,512","501,74K","2,94%"
"15.06.2021","3,536","3,505","3,545","3,475","230,75K","0,37%"
"14.06.2021","3,523","3,510","3,570","3,510","293,67K","1,97%"
"11.06.2021","3,455","3,500","3,500","3,430","582,83K","-1,71%"
"10.06.2021","3,515","3,555","3,575","3,500","419,94K","0,29%"
"09.06.2021","3,505","3,550","3,575","3,500","631,63K","-2,50%"
"08.06.2021","3,595","3,550","3,620","3,515","565,91K","0,00%"
"07.06.2021","3,595","3,535","3,640","3,515","758,79K","1,81%"
"04.06.2021","3,531","3,455","3,560","3,440","1,14M","2,05%"
"03.06.2021","3,460","3,480","3,480","3,355","651,28K","0,44%"
"02.06.2021","3,445","3,285","3,475","3,285","1,08M","6,16%"
"01.06.2021","3,245","3,250","3,280","3,239","1,06M","2,20%"
"28.05.2021","3,175","3,180","3,195","3,165","664,76K","0,00%"
"27.05.2021","3,175","3,100","3,185","3,080","657,00K","2,92%"
"26.05.2021","3,085","3,025","3,110","3,000","760,72K","1,82%"
"25.05.2021","3,030","3,065","3,090","3,015","155,01K","-1,94%"
"24.05.2021","3,090","3,067","3,100","3,065","340,94K","0,49%"
"21.05.2021","3,075","3,090","3,100","3,055","263,73K","-0,65%"
"20.05.2021","3,095","3,055","3,095","3,055","300,89K","1,64%"
"19.05.2021","3,045","3,010","3,075","3,005","732,14K","1,50%"
"18.05.2021","3,000","3,025","3,050","3,000","275,58K","0,50%"
"17.05.2021","2,985","2,930","3,000","2,925","327,87K","0,78%"
"14.05.2021","2,962","2,965","2,995","2,915","899,23K","0,58%"
"13.05.2021","2,945","2,875","2,945","2,860","852,31K","4,99%"
"12.05.2021","2,805","2,865","2,925","2,805","944,16K","-2,43%"
"11.05.2021","2,875","2,850","2,890","2,835","6,54M","0,35%"
"10.05.2021","2,865","2,850","2,895","2,845","939,90K","1,06%"
"07.05.2021","2,835","2,865","2,890","2,830","784,86K","1,25%"
"06.05.2021","2,800","2,740","2,800","2,715","631,73K","4,01%"
"05.05.2021","2,692","2,675","2,700","2,650","311,78K","0,64%"
"04.05.2021","2,675","2,690","2,705","2,660","351,69K","-1,65%"
"03.05.2021","2,720","2,710","2,760","2,695","767,92K","0,93%"
"30.04.2021","2,695","2,750","2,750","2,695","631,84K","-2,36%"
"29.04.2021","2,760","2,800","2,800","2,735","402,33K","-0,90%"
"28.04.2021","2,785","2,755","2,800","2,750","426,22K","2,58%"
"27.04.2021","2,715","2,723","2,750","2,700","336,61K","-0,55%"
"26.04.2021","2,730","2,775","2,775","2,730","747,45K","-0,36%"
"23.04.2021","2,740","2,740","2,770","2,710","636,11K","0,92%"
"22.04.2021","2,715","2,735","2,735","2,690","693,18K","-1,09%"
"21.04.2021","2,745","2,695","2,750","2,675","169,02K","1,86%"
"20.04.2021","2,695","2,680","2,737","2,675","355,88K","1,32%"
"19.04.2021","2,660","2,650","2,675","2,630","335,90K","0,76%"
"16.04.2021","2,640","2,610","2,645","2,595","1,71M","1,62%"
"15.04.2021","2,598","2,615","2,645","2,585","1,32M","0,70%"
"14.04.2021","2,580","2,539","2,610","2,538","497,34K","1,86%"
"13.04.2021","2,533","2,535","2,595","2,525","461,05K","-0,28%"
"12.04.2021","2,540","2,590","2,595","2,525","237,42K","-0,97%"
"09.04.2021","2,565","2,580","2,605","2,550","295,79K","-0,58%"
"08.04.2021","2,580","2,610","2,620","2,575","686,31K","0,39%"
"07.04.2021","2,570","2,655","2,660","2,565","544,54K","-3,38%"
"06.04.2021","2,660","2,610","2,660","2,600","578,40K","2,11%"
"05.04.2021","2,605","2,645","2,665","2,585","250,21K","0,19%"
"01.04.2021","2,600","2,650","2,652","2,585","811,22K","-3,88%"
"31.03.2021","2,705","2,645","2,715","2,620","653,80K","2,66%"
"30.03.2021","2,635","2,570","2,650","2,555","1,03M","3,54%"
"29.03.2021","2,545","2,550","2,580","2,495","2,70M","-1,17%"
"26.03.2021","2,575","2,590","2,605","2,515","6,31M","-0,19%"
"25.03.2021","2,580","2,575","2,625","2,555","6,04M","0,78%"
"24.03.2021","2,560","2,695","2,725","2,555","6,55M","-3,03%"
"23.03.2021","2,640","2,800","2,830","2,630","2,79M","-6,55%"
"22.03.2021","2,825","2,785","2,840","2,755","411,98K","0,46%"
"19.03.2021","2,812","2,800","2,830","2,735","368,56K","2,07%"
"18.03.2021","2,755","2,840","2,840","2,755","575,18K","-1,08%"
"17.03.2021","2,785","2,675","2,800","2,669","455,81K","4,11%"
"16.03.2021","2,675","2,770","2,770","2,655","2,81M","-0,19%"
"15.03.2021","2,680","2,710","2,715","2,670","1,04M","-0,74%"
"12.03.2021","2,700","2,950","2,950","2,700","333,64K","-0,74%"
"11.03.2021","2,720","2,748","2,775","2,675","566,51K","3,86%"
"10.03.2021","2,619","2,575","2,685","2,535","607,87K","4,14%"
"09.03.2021","2,515","2,550","2,605","2,515","621,04K","-1,18%"
"08.03.2021","2,545","2,685","2,715","2,530","244,50K","-6,43%"
"05.03.2021","2,720","2,745","2,750","2,665","647,48K","1,87%"
"04.03.2021","2,670","2,725","2,765","2,650","538,87K","1,91%"
"03.03.2021","2,620","2,605","2,670","2,465","1,34M","0,19%"
"02.03.2021","2,615","2,545","2,635","2,475","1,17M","3,28%"
"01.03.2021","2,532","2,630","2,650","2,495","1,29M","-3,54%"
"26.02.2021","2,625","2,975","2,975","2,605","1,87M","-7,41%"
"25.02.2021","2,835","2,945","2,955","2,810","412,60K","-3,34%"
"24.02.2021","2,933","2,905","2,945","2,810","738,65K","2,55%"
"23.02.2021","2,860","2,850","2,945","2,795","815,73K","1,82%"
"22.02.2021","2,809","2,825","2,840","2,675","2,06M","-10,11%"
"19.02.2021","3,125","3,095","3,150","3,057","289,77K","1,30%"
"18.02.2021","3,085","3,190","3,190","3,055","340,95K","-0,48%"
"17.02.2021","3,100","3,155","3,165","3,065","400,86K","-2,08%"
"16.02.2021","3,166","3,170","3,190","3,035","352,66K","0,35%"
"12.02.2021","3,155","3,125","3,190","3,110","312,22K","-0,47%"
"11.02.2021","3,170","3,155","3,240","3,135","937,67K","0,57%"
"10.02.2021","3,152","3,130","3,195","3,130","1,12M","-1,28%"
"09.02.2021","3,193","3,132","3,200","3,100","1,29M","1,53%"
"08.02.2021","3,145","3,190","3,201","3,130","356,53K","-0,06%"
"05.02.2021","3,147","3,205","3,210","3,130","267,01K","0,70%"
"04.02.2021","3,125","3,170","3,265","3,125","169,83K","-1,11%"
"03.02.2021","3,160","3,245","3,300","3,160","684,39K","-2,02%"
"02.02.2021","3,225","3,235","3,290","3,170","780,67K","0,16%"
"01.02.2021","3,220","3,145","3,220","3,117","641,43K","3,24%"
"29.01.2021","3,119","3,160","3,178","3,100","343,91K","-3,14%"
"28.01.2021","3,220","3,200","3,255","3,180","418,79K","2,38%"
"27.01.2021","3,145","3,095","3,190","3,035","359,18K","2,28%"
"26.01.2021","3,075","3,177","3,185","3,070","973,48K","-1,44%"
"25.01.2021","3,120","3,100","3,125","3,055","381,66K","0,26%"
"22.01.2021","3,112","3,135","3,180","3,058","519,26K","-3,35%"
"21.01.2021","3,220","3,250","3,265","3,155","293,99K","-1,68%"
"20.01.2021","3,275","3,360","3,360","3,275","443,01K","-1,21%"
"19.01.2021","3,315","3,410","3,410","3,295","688,41K","-3,91%"
"15.01.2021","3,450","3,530","3,560","3,450","616,51K","-2,95%"
"14.01.2021","3,555","3,525","3,630","3,470","693,17K","1,43%"
"13.01.2021","3,505","3,690","3,697","3,500","341,64K","-3,71%"
"12.01.2021","3,640","3,595","3,695","3,565","748,21K","0,00%"
"11.01.2021","3,640","3,600","3,640","3,555","1,26M","0,97%"
"08.01.2021","3,605","3,750","3,750","3,605","493,12K","-1,10%"
"07.01.2021","3,645","3,630","3,705","3,605","1,51M","0,41%"
"06.01.2021","3,630","3,560","3,685","3,540","511,08K","2,54%"
"05.01.2021","3,540","3,480","3,564","3,430","569,44K","-0,95%"
"04.01.2021","3,574","3,765","3,765","3,540","362,53K","-3,80%"
"31.12.2020","3,715","3,625","3,745","3,625","76,07K","-0,40%"
"30.12.2020","3,730","3,696","3,760","3,650","542,14K","0,54%"
"29.12.2020","3,710","3,724","3,825","3,680","495,61K","-0,19%"
"28.12.2020","3,717","3,710","3,748","3,675","377,25K","-0,11%"
"24.12.2020","3,721","3,710","3,750","3,710","156,48K","-0,24%"
"23.12.2020","3,730","3,685","3,747","3,625","234,36K","1,28%"
"22.12.2020","3,683","3,665","3,845","3,665","648,41K","0,35%"
"21.12.2020","3,670","3,670","3,760","3,663","473,78K","-4,68%"
"18.12.2020","3,850","3,815","3,885","3,795","318,14K","-0,13%"
"17.12.2020","3,855","3,880","3,900","3,810","447,25K","2,12%"
"16.12.2020","3,775","3,845","3,860","3,725","970,17K","-2,20%"
"15.12.2020","3,860","3,841","3,895","3,815","443,32K","2,01%"
"14.12.2020","3,784","3,825","3,895","3,775","705,45K","-0,42%"
"11.12.2020","3,800","3,755","3,855","3,740","1,98M","0,40%"
"10.12.2020","3,785","3,564","3,785","3,555","2,28M","8,30%"
"09.12.2020","3,495","3,581","3,605","3,470","408,23K","-2,10%"
"08.12.2020","3,570","3,635","3,715","3,570","750,25K","0,42%"
"07.12.2020","3,555","3,560","3,686","3,510","591,56K","-0,28%"
"04.12.2020","3,565","3,429","3,565","3,429","921,13K","4,70%"
"03.12.2020","3,405","3,445","3,505","3,405","280,04K","1,19%"
"02.12.2020","3,365","3,326","3,365","3,315","400,58K","0,00%"
"01.12.2020","3,365","3,270","3,405","3,225","306,56K","6,08%"
"30.11.2020","3,172","3,225","3,240","3,125","605,54K","-2,10%"
"27.11.2020","3,240","3,315","3,315","3,240","347,07K","-2,00%"
"25.11.2020","3,306","3,270","3,310","3,236","404,59K","0,03%"
"24.11.2020","3,305","3,240","3,362","3,240","443,13K","3,12%"
"23.11.2020","3,205","3,180","3,285","3,180","283,79K","-0,93%"
"20.11.2020","3,235","3,250","3,260","3,182","299,10K","-0,46%"
"19.11.2020","3,250","3,265","3,325","3,250","1,97M","0,00%"
"18.11.2020","3,250","3,240","3,285","3,200","3,65M","0,53%"
"17.11.2020","3,233","3,105","3,245","3,105","1,02M","2,90%"
"16.11.2020","3,142","3,230","3,230","3,119","339,41K","2,75%"
"13.11.2020","3,058","2,978","3,060","2,978","199,60K","1,63%"
"12.11.2020","3,009","3,145","3,145","2,990","405,52K","-5,38%"
"11.11.2020","3,180","3,130","3,211","3,110","1,67M","1,27%"
"10.11.2020","3,140","3,070","3,180","3,065","1,56M","4,15%"
"09.11.2020","3,015","3,050","3,125","2,990","1,32M","5,90%"
"06.11.2020","2,847","2,765","2,870","2,700","1,29M","4,48%"
"05.11.2020","2,725","2,728","2,760","2,700","184,12K","3,42%"
"04.11.2020","2,635","2,603","2,690","2,600","352,69K","1,70%"
"03.11.2020","2,591","2,655","2,695","2,570","313,44K","0,62%"
"02.11.2020","2,575","2,560","2,635","2,550","191,70K","0,51%"
"30.10.2020","2,562","2,615","2,615","2,550","626,64K","-2,95%"
"29.10.2020","2,640","2,615","2,680","2,587","390,16K","-0,19%"
"28.10.2020","2,645","2,745","2,765","2,645","680,97K","-6,37%"
"27.10.2020","2,825","2,930","2,938","2,825","67,16K","-3,68%"
"26.10.2020","2,933","2,940","2,982","2,900","223,16K","0,79%"
"23.10.2020","2,910","2,990","3,011","2,910","549,39K","-1,85%"
"22.10.2020","2,965","2,905","2,995","2,900","164,27K","3,67%"
"21.10.2020","2,860","2,865","2,890","2,845","124,46K","-0,17%"
"20.10.2020","2,865","2,825","2,882","2,825","181,60K","2,69%"
"19.10.2020","2,790","2,795","2,820","2,725","153,95K","2,57%"
"16.10.2020","2,720","2,777","2,804","2,704","328,58K","-2,51%"
"15.10.2020","2,790","2,725","2,835","2,720","190,12K","0,72%"
"14.10.2020","2,770","2,835","2,845","2,770","131,77K","-1,42%"
"13.10.2020","2,810","2,806","2,842","2,755","183,86K","-1,92%"
"12.10.2020","2,865","2,825","2,890","2,810","102,57K","1,78%"
"09.10.2020","2,815","2,780","2,870","2,780","238,93K","0,72%"
"08.10.2020","2,795","2,670","2,835","2,655","538,88K","3,52%"
"07.10.2020","2,700","2,739","2,739","2,655","420,59K","0,00%"
"06.10.2020","2,700","2,755","2,812","2,695","386,64K","-0,37%"
"05.10.2020","2,710","2,620","2,740","2,605","274,97K","3,44%"
"02.10.2020","2,620","2,690","2,760","2,611","462,71K","-0,83%"
"01.10.2020","2,642","2,631","2,670","2,615","343,34K","-1,60%"
"30.09.2020","2,685","2,705","2,705","2,625","230,09K","-0,74%"
"29.09.2020","2,705","2,710","2,735","2,650","165,73K","-0,92%"
"28.09.2020","2,730","2,850","2,905","2,700","165,79K","-1,44%"
"25.09.2020","2,770","2,742","2,775","2,710","227,20K","-0,18%"
"24.09.2020","2,775","2,743","2,845","2,725","280,10K","1,43%"
"23.09.2020","2,736","2,790","2,830","2,725","440,78K","-4,34%"
"22.09.2020","2,860","2,920","2,954","2,825","238,74K","-1,04%"
"21.09.2020","2,890","2,835","2,950","2,797","734,80K","0,87%"
"18.09.2020","2,865","3,000","3,019","2,865","224,82K","-5,45%"
"17.09.2020","3,030","3,001","3,065","2,995","101,86K","0,00%"
"16.09.2020","3,030","3,010","3,075","3,000","215,82K","1,24%"
"15.09.2020","2,993","3,035","3,045","2,975","387,70K","-1,22%"
"14.09.2020","3,030","3,045","3,071","2,989","433,95K","0,83%"
"11.09.2020","3,005","3,058","3,065","2,975","619,93K","-1,48%"
"10.09.2020","3,050","3,123","3,155","3,020","449,81K","-2,56%"
"09.09.2020","3,130","3,134","3,138","3,105","109,67K","1,29%"
"08.09.2020","3,090","3,135","3,145","3,055","188,41K","-2,92%"
"04.09.2020","3,183","3,255","3,255","3,145","480,39K","-0,53%"
"03.09.2020","3,200","3,175","3,290","3,160","375,07K","1,91%"
"02.09.2020","3,140","3,060","3,145","3,030","358,91K","1,62%"
"01.09.2020","3,090","3,105","3,145","3,045","639,71K","2,39%"
"31.08.2020","3,018","3,046","3,065","3,018","1,08M","-2,96%"
"28.08.2020","3,110","3,045","3,140","3,030","2,74M","4,71%"
"27.08.2020","2,970","2,966","3,010","2,930","556,30K","1,54%"
"26.08.2020","2,925","3,005","3,010","2,870","351,45K","-3,78%"
"25.08.2020","3,040","3,033","3,045","2,970","753,11K","0,66%"
"24.08.2020","3,020","2,995","3,035","2,970","569,12K","1,96%"
"21.08.2020","2,962","2,913","2,975","2,857","352,31K","0,51%"
"20.08.2020","2,947","2,875","2,970","2,835","772,76K","-1,44%"
"19.08.2020","2,990","3,035","3,035","2,965","387,32K","-1,32%"
"18.08.2020","3,030","3,020","3,040","2,975","2,05M","2,02%"
"17.08.2020","2,970","3,065","3,071","2,950","2,71M","-3,10%"
"14.08.2020","3,065","3,078","3,117","3,058","347,12K","-1,29%"
"13.08.2020","3,105","3,270","3,270","3,080","145,89K","0,49%"
"12.08.2020","3,090","3,173","3,173","3,050","524,05K","-2,52%"
"11.08.2020","3,170","3,215","3,225","3,155","551,99K","0,32%"
"10.08.2020","3,160","3,225","3,242","3,139","142,78K","-0,47%"
"07.08.2020","3,175","3,180","3,220","3,105","456,55K","-1,67%"
"06.08.2020","3,229","3,160","3,240","3,115","233,81K","2,02%"
"05.08.2020","3,165","3,215","3,240","3,123","447,20K","0,00%"
"04.08.2020","3,165","3,245","3,265","3,118","234,59K","-2,31%"
"03.08.2020","3,240","3,235","3,310","3,210","257,60K","0,47%"
"31.07.2020","3,225","3,305","3,325","3,225","834,05K","-4,44%"
"30.07.2020","3,375","3,445","3,445","3,347","514,29K","-2,46%"
"29.07.2020","3,460","3,480","3,490","3,440","362,13K","0,58%"
"28.07.2020","3,440","3,405","3,465","3,390","470,24K","1,33%"
"27.07.2020","3,395","3,260","3,410","3,240","606,11K","3,82%"
"24.07.2020","3,270","3,250","3,355","3,235","261,01K","-1,36%"
"23.07.2020","3,315","3,398","3,400","3,295","859,94K","-4,19%"
"22.07.2020","3,460","3,445","3,467","3,420","337,74K","0,87%"
"21.07.2020","3,430","3,425","3,485","3,405","231,65K","3,50%"
"20.07.2020","3,314","3,295","3,350","3,271","451,09K","0,18%"
"17.07.2020","3,308","3,280","3,308","3,250","262,82K","1,63%"
"16.07.2020","3,255","3,212","3,270","3,205","582,82K","0,34%"
"15.07.2020","3,244","3,270","3,295","3,215","265,81K","-0,18%"
"14.07.2020","3,250","3,125","3,250","3,100","825,52K","1,25%"
"13.07.2020","3,210","3,255","3,255","3,130","437,72K","-0,47%"
"10.07.2020","3,225","3,150","3,230","3,150","234,06K","-0,15%"
"09.07.2020","3,230","3,255","3,255","3,160","233,53K","-0,62%"
"08.07.2020","3,250","3,170","3,250","3,110","465,76K","4,50%"
"07.07.2020","3,110","3,245","3,255","3,105","415,35K","-4,45%"
"06.07.2020","3,255","3,240","3,310","3,205","223,34K","3,83%"
"02.07.2020","3,135","3,200","3,250","3,100","215,27K","0,64%"
"01.07.2020","3,115","3,027","3,150","3,027","459,46K","4,18%"
"30.06.2020","2,990","3,030","3,030","2,970","345,93K","-2,76%"
"29.06.2020","3,075","2,985","3,075","2,960","251,41K","5,13%"
"26.06.2020","2,925","3,015","3,015","2,915","438,05K","-6,10%"
"25.06.2020","3,115","3,100","3,125","3,005","699,80K","0,97%"
"24.06.2020","3,085","3,205","3,210","3,025","567,03K","-5,37%"
"23.06.2020","3,260","3,250","3,310","3,235","226,90K","2,52%"
"22.06.2020","3,180","3,265","3,280","3,135","687,51K","0,00%"
"19.06.2020","3,180","3,285","3,295","3,170","403,80K","-1,09%"
"18.06.2020","3,215","3,205","3,290","3,175","346,82K","-2,87%"
"17.06.2020","3,310","3,260","3,335","3,205","634,86K","2,80%"
"16.06.2020","3,220","3,390","3,390","3,209","575,62K","-0,31%"
"15.06.2020","3,230","3,075","3,295","3,050","1,48M","-1,88%"
"12.06.2020","3,292","3,310","3,385","3,220","440,67K","2,40%"
"11.06.2020","3,215","3,360","3,360","3,175","746,80K","-10,45%"
"10.06.2020","3,590","3,725","3,725","3,487","1,10M","-3,23%"
"09.06.2020","3,710","3,610","3,800","3,595","2,11M","-2,11%"
"08.06.2020","3,790","3,635","3,795","3,585","1,48M","7,52%"
"05.06.2020","3,525","3,762","3,800","3,510","1,67M","2,77%"
"04.06.2020","3,430","3,375","3,505","3,305","948,12K","0,73%"
"03.06.2020","3,405","3,395","3,485","3,361","1,58M","9,31%"
"02.06.2020","3,115","3,075","3,180","3,050","1,39M","4,36%"
"01.06.2020","2,985","2,920","3,000","2,900","375,90K","5,03%"
"29.05.2020","2,842","2,795","2,890","2,745","1,52M","-2,00%"
"28.05.2020","2,900","2,880","2,970","2,835","2,12M","0,00%"
"27.05.2020","2,900","2,925","2,945","2,850","1,87M","0,87%"
"26.05.2020","2,875","2,970","2,985","2,805","1,55M","13,77%"
"22.05.2020","2,527","2,565","2,590","2,487","476,27K","-1,86%"
"21.05.2020","2,575","2,515","2,595","2,500","612,15K","7,52%"
"20.05.2020","2,395","2,335","2,415","2,335","501,47K","4,59%"
"19.05.2020","2,290","2,369","2,395","2,290","453,26K","-3,50%"
"18.05.2020","2,373","2,350","2,415","2,300","1,25M","5,94%"
"15.05.2020","2,240","2,265","2,325","2,200","500,60K","-0,13%"
"14.05.2020","2,243","2,110","2,270","2,065","748,65K","3,84%"
"13.05.2020","2,160","2,265","2,280","2,131","843,30K","-3,36%"
"12.05.2020","2,235","2,325","2,355","2,225","584,59K","-3,25%"
"11.05.2020","2,310","2,380","2,400","2,290","473,55K","-2,74%"
"08.05.2020","2,375","2,306","2,415","2,295","763,65K","5,79%"
"07.05.2020","2,245","2,333","2,350","2,220","1,47M","-5,87%"
"06.05.2020","2,385","2,470","2,475","2,355","316,50K","-3,64%"
"05.05.2020","2,475","2,530","2,610","2,470","447,45K","-0,80%"
"04.05.2020","2,495","2,505","2,527","2,430","1,55M","-0,91%"
"01.05.2020","2,518","2,435","2,575","2,430","740,29K","-4,08%"
"30.04.2020","2,625","2,630","2,665","2,570","1,18M","-6,58%"
"29.04.2020","2,810","2,690","2,815","2,640","1,21M","7,05%"
"28.04.2020","2,625","2,465","2,650","2,450","1,11M","15,38%"
"27.04.2020","2,275","2,295","2,340","2,220","2,65M","4,84%"
"24.04.2020","2,170","2,380","2,400","2,130","2,63M","-14,77%"
"23.04.2020","2,546","2,699","2,700","2,500","563,11K","-4,47%"
"22.04.2020","2,665","2,660","2,695","2,641","548,62K","1,33%"
"21.04.2020","2,630","2,646","2,715","2,600","819,65K","-2,23%"
"20.04.2020","2,690","2,715","2,781","2,685","544,99K","-5,11%"
"17.04.2020","2,835","2,865","2,865","2,755","381,89K","3,09%"
"16.04.2020","2,750","2,875","2,875","2,750","406,04K","-3,51%"
"15.04.2020","2,850","2,800","2,890","2,775","381,78K","-2,90%"
"14.04.2020","2,935","2,970","3,057","2,879","462,25K","1,91%"
"13.04.2020","2,880","2,810","2,902","2,769","580,82K","-1,03%"
"09.04.2020","2,910","2,993","3,045","2,900","564,75K","0,34%"
"08.04.2020","2,900","2,737","2,945","2,705","2,44M","1,93%"
"07.04.2020","2,845","2,890","2,895","2,800","579,07K","9,21%"
"06.04.2020","2,605","2,610","2,680","2,490","1,13M","9,45%"
"03.04.2020","2,380","2,485","2,485","2,325","915,59K","-8,11%"
"02.04.2020","2,590","2,545","2,600","2,485","505,59K","5,28%"
"01.04.2020","2,460","2,530","2,585","2,450","779,23K","-8,21%"
"31.03.2020","2,680","2,790","2,810","2,635","1,03M","-3,60%"
"30.03.2020","2,780","2,811","2,825","2,734","479,63K","-0,54%"
"27.03.2020","2,795","2,844","2,890","2,750","468,84K","-2,78%"
"26.03.2020","2,875","3,064","3,140","2,875","955,28K","2,31%"
"25.03.2020","2,810","2,565","3,055","2,545","702,69K","10,20%"
"24.03.2020","2,550","2,360","2,572","2,360","792,81K","19,44%"
"23.03.2020","2,135","2,230","2,275","2,105","1,47M","-11,78%"
"20.03.2020","2,420","2,745","2,760","2,375","789,10K","-3,20%"
"19.03.2020","2,500","2,465","2,625","2,274","1,22M","-3,10%"
"18.03.2020","2,580","2,800","2,935","2,415","1,42M","-16,77%"
"17.03.2020","3,100","3,066","3,300","2,950","1,53M","4,73%"
"16.03.2020","2,960","3,125","3,290","2,660","1,26M","-18,68%"
"13.03.2020","3,640","3,760","3,895","3,305","1,11M","9,97%"
"12.03.2020","3,310","2,646","3,310","0,500","3,74M","-15,02%"
"11.03.2020","3,895","4,125","4,155","3,565","645,18K","-8,18%"
"10.03.2020","4,242","4,223","4,285","4,005","1,09M","8,49%"
"09.03.2020","3,910","4,135","4,320","3,865","2,21M","-14,07%"
"06.03.2020","4,550","4,510","4,630","4,425","857,70K","-0,11%"
"05.03.2020","4,555","4,805","4,830","4,555","891,55K","-8,81%"
"04.03.2020","4,995","5,040","5,040","4,910","514,43K","-0,60%"
"03.03.2020","5,025","5,186","5,305","4,980","825,26K","-4,10%"
"02.03.2020","5,240","5,215","5,300","5,150","353,23K","-0,66%"
"28.02.2020","5,275","4,980","5,275","4,950","475,57K","2,95%"
"27.02.2020","5,124","5,095","5,340","5,075","776,54K","-0,02%"
"26.02.2020","5,125","5,345","5,429","5,105","2,10M","-3,28%"
"25.02.2020","5,299","5,314","5,365","5,245","567,20K","-0,11%"
"24.02.2020","5,305","5,525","5,525","5,220","401,46K","-4,59%"
"21.02.2020","5,560","5,508","5,600","5,508","214,75K","0,36%"
"20.02.2020","5,540","5,630","5,670","5,525","640,74K","-2,98%"
"19.02.2020","5,710","5,670","5,740","5,659","2,25M","1,60%"
"18.02.2020","5,620","5,720","5,735","5,580","408,09K","-3,02%"
"14.02.2020","5,795","5,867","5,885","5,720","481,47K","-0,52%"
"13.02.2020","5,825","5,910","5,940","5,825","821,41K","-1,60%"
"12.02.2020","5,920","5,940","6,004","5,841","778,38K","-0,75%"
"11.02.2020","5,965","5,920","5,985","5,909","577,43K","5,48%"
"10.02.2020","5,655","5,720","5,745","5,655","570,85K","-2,75%"
"07.02.2020","5,815","5,750","5,825","5,732","124,70K","0,69%"
"06.02.2020","5,775","5,920","5,920","5,755","189,85K","-3,02%"
"05.02.2020","5,955","5,945","6,040","5,920","947,87K","4,47%"
"04.02.2020","5,700","5,795","5,825","5,690","221,61K","-0,96%"
"03.02.2020","5,755","5,746","5,815","5,735","578,66K","1,86%"
"31.01.2020","5,650","5,685","5,720","5,645","527,00K","-2,16%"
"30.01.2020","5,775","5,745","5,860","5,695","4,25M","-1,53%"
"29.01.2020","5,865","6,015","6,030","5,865","335,75K","-3,54%"
"28.01.2020","6,080","5,987","6,115","5,965","277,08K","1,84%"
"27.01.2020","5,970","5,958","6,040","5,958","1,41M","-1,84%"
"24.01.2020","6,082","6,105","6,150","6,066","676,57K","-2,30%"
"23.01.2020","6,225","5,980","6,225","5,945","1,31M","6,41%"
"22.01.2020","5,850","5,840","5,850","5,770","1,01M","1,39%"
"21.01.2020","5,770","5,886","5,900","5,710","3,39M","-4,31%"
"17.01.2020","6,030","6,013","6,045","5,981","206,96K","1,69%"
"16.01.2020","5,930","5,925","5,952","5,885","161,51K","0,34%"
"15.01.2020","5,910","5,995","6,000","5,885","2,56M","-2,72%"
"14.01.2020","6,075","6,065","6,085","6,025","487,58K","-0,74%"
"13.01.2020","6,120","6,060","6,125","6,037","774,80K","0,49%"
"10.01.2020","6,090","6,290","6,305","6,080","395,95K","-2,29%"
"09.01.2020","6,233","6,320","6,325","6,200","1,08M","-2,84%"
"08.01.2020","6,415","6,435","6,494","6,414","165,14K","-0,70%"
"07.01.2020","6,460","6,438","6,483","6,405","298,90K","-0,46%"
"06.01.2020","6,490","6,480","6,590","6,480","594,86K","-1,67%"
"03.01.2020","6,600","6,580","6,645","6,570","382,65K","-0,83%"
"02.01.2020","6,655","6,636","6,685","6,600","187,69K","2,78%"